qid,mode,recall_at_5,recall_at_10,reciprocal_rank,top_5_chunk_ids
ret-001,dense_only,1.0,1.0,0.3333,nist-ai-100-1:chunk-0 nist-ai-100-1:chunk-9 nist-ai-100-1:chunk-5 nist-ai-100-1:chunk-1 nist-ai-100-1:chunk-44
ret-002,dense_only,1.0,1.0,0.3333,nist-ai-100-1:chunk-0 nist-ai-100-1:chunk-1 nist-ai-100-1:chunk-9 nist-sp-800-218a:chunk-35 nist-ai-100-1:chunk-47
ret-003,dense_only,1.0,1.0,0.3333,nist-ai-100-1:chunk-7 nist-ai-100-1:chunk-47 nist-ai-100-1:chunk-17 nist-ai-100-1:chunk-6 nist-sp-1270:chunk-9
ret-004,dense_only,1.0,1.0,1.0,nist-ai-100-1:chunk-25 nist-ai-100-1:chunk-47 nist-ai-100-1:chunk-8 nist-ai-100-1:chunk-26 nist-ai-100-1:chunk-6
ret-005,dense_only,1.0,1.0,1.0,nist-ai-600-1:chunk-14 nist-sp-800-218a:chunk-3 nist-ai-600-1:chunk-0 nist-ai-600-1:chunk-1 nist-ai-100-3:chunk-6
ret-006,dense_only,1.0,1.0,0.5,nist-ai-100-2e2025:chunk-70 nist-ai-600-1:chunk-7 nist-ai-100-2e2025:chunk-72 nist-sp-1270:chunk-34 nist-ai-600-1:chunk-50
ret-007,dense_only,0.0,0.0,0.0,nist-ai-100-4:chunk-0 nist-ai-100-4:chunk-1 nist-ai-100-4:chunk-15 nist-ai-100-4:chunk-62 nist-sp-1270:chunk-6
ret-008,dense_only,1.0,1.0,1.0,nist-ai-100-4:chunk-11 nist-ai-100-4:chunk-123 nist-ai-100-4:chunk-4 nist-ai-100-4:chunk-82 nist-ai-100-4:chunk-81
ret-009,dense_only,1.0,1.0,1.0,nist-ai-100-4:chunk-17 nist-ai-100-4:chunk-19 nist-ai-100-4:chunk-18 nist-ai-100-4:chunk-109 nist-ai-100-4:chunk-64
ret-010,dense_only,1.0,1.0,1.0,nist-ai-100-4:chunk-45 nist-ai-100-4:chunk-48 nist-ai-100-4:chunk-47 nist-ai-100-4:chunk-66 nist-ai-100-4:chunk-123
ret-011,dense_only,1.0,1.0,0.3333,nist-ai-800-1-ipd:chunk-6 nist-sp-800-218:chunk-57 nist-ai-100-4:chunk-77 nist-ai-800-1-ipd:chunk-17 nist-ai-100-4:chunk-62
ret-012,dense_only,0.0,0.0,0.0,nist-ai-100-2e2025:chunk-80 nist-ai-100-2e2025:chunk-76 nist-ai-100-2e2025:chunk-28 nist-ai-100-2e2025:chunk-90 nist-ai-100-2e2025:chunk-194
ret-013,dense_only,1.0,1.0,1.0,nist-ai-100-2e2025:chunk-44 nist-ai-100-2e2025:chunk-2 nist-ai-100-2e2025:chunk-3 nist-ai-100-2e2025:chunk-191 nist-ai-100-2e2025:chunk-51
ret-014,dense_only,0.0,1.0,0.1111,nist-ai-100-2e2025:chunk-23 nist-ai-100-2e2025:chunk-32 nist-ai-100-2e2025:chunk-194 nist-ai-100-2e2025:chunk-34 nist-ai-100-2e2025:chunk-15
ret-015,dense_only,1.0,1.0,0.3333,nist-ai-100-2e2025:chunk-15 nist-ai-100-2e2025:chunk-23 nist-ai-100-2e2025:chunk-42 nist-ai-100-2e2025:chunk-2 nist-ai-100-2e2025:chunk-3
ret-016,dense_only,1.0,1.0,0.25,nist-ai-100-5:chunk-5 nist-ai-100-5:chunk-16 nist-ai-100-5:chunk-25 nist-ai-100-5:chunk-7 nist-ai-100-5:chunk-8
ret-017,dense_only,0.0,1.0,0.1429,nist-ai-100-5:chunk-5 nist-ai-100-5:chunk-8 nist-ai-100-5:chunk-25 nist-ai-100-5:chunk-3 nist-ai-100-5:chunk-7
ret-018,dense_only,1.0,1.0,0.3333,nist-ai-800-1-ipd:chunk-0 nist-ai-800-1-ipd:chunk-1 nist-ai-800-1-ipd:chunk-10 nist-ai-800-1-ipd:chunk-2 nist-ai-100-1:chunk-2
ret-019,dense_only,1.0,1.0,1.0,nist-ai-800-1-ipd:chunk-5 nist-ai-800-1-ipd:chunk-24 nist-ai-800-1-ipd:chunk-7 nist-ai-800-1-ipd:chunk-6 nist-ai-800-1-ipd:chunk-27
ret-020,dense_only,1.0,1.0,0.2,nist-ir-8312:chunk-0 nist-ir-8312:chunk-1 nist-ir-8312:chunk-11 nist-ir-8312:chunk-5 nist-ir-8312:chunk-3
ret-021,dense_only,1.0,1.0,0.2,nist-ir-8312:chunk-11 nist-ir-8312:chunk-3 nist-ir-8312:chunk-46 nist-ir-8312:chunk-6 nist-ir-8312:chunk-4
ret-022,dense_only,1.0,1.0,0.25,nist-ir-8332-draft:chunk-1 nist-sp-1270:chunk-9 nist-ai-100-2e2025:chunk-1 nist-ir-8332-draft:chunk-15 nist-ir-8312:chunk-5
ret-023,dense_only,1.0,1.0,0.2,nist-ir-8332-draft:chunk-25 nist-ir-8332-draft:chunk-38 nist-ir-8332-draft:chunk-44 nist-ai-100-1:chunk-18 nist-ir-8332-draft:chunk-4
ret-024,dense_only,1.0,1.0,0.2,nist-sp-1270:chunk-0 nist-sp-1270:chunk-1 nist-ai-100-1:chunk-23 nist-sp-1270:chunk-7 nist-sp-1270:chunk-4
ret-025,dense_only,1.0,1.0,0.3333,nist-sp-1270:chunk-29 nist-sp-1270:chunk-17 nist-sp-1270:chunk-4 nist-sp-1270:chunk-8 nist-sp-1270:chunk-37
ret-026,dense_only,1.0,1.0,1.0,nist-sp-1270:chunk-4 nist-sp-1270:chunk-78 nist-sp-1270:chunk-5 nist-sp-1270:chunk-29 nist-ai-600-1:chunk-2
ret-027,dense_only,1.0,1.0,0.5,nist-sp-1300:chunk-1 nist-sp-1299:chunk-1 nist-cswp-29:chunk-1 nist-sp-1308:chunk-0 nist-sp-1301:chunk-0
ret-028,dense_only,0.0,1.0,0.125,nist-sp-1299:chunk-1 nist-sp-1303:chunk-3 nist-sp-1300:chunk-1 nist-cswp-29:chunk-12 nist-sp-1302:chunk-1
ret-029,dense_only,1.0,1.0,1.0,nist-cswp-29:chunk-34 nist-sp-1302:chunk-1 nist-cswp-29:chunk-9 nist-cswp-29:chunk-8 nist-sp-1302:chunk-2
ret-030,dense_only,1.0,1.0,1.0,nist-cswp-29:chunk-21 nist-sp-1305:chunk-1 nist-sp-1305:chunk-8 nist-cswp-29:chunk-25 nist-cswp-29:chunk-26
ret-031,dense_only,0.0,1.0,0.1,nist-sp-1300:chunk-8 nist-cswp-29:chunk-13 nist-cswp-29:chunk-34 nist-sp-1308:chunk-7 nist-sp-1301:chunk-3
ret-032,dense_only,0.0,1.0,0.1111,nist-sp-1308:chunk-7 nist-sp-1300:chunk-8 nist-sp-1303:chunk-6 nist-sp-1301:chunk-3 nist-cswp-29:chunk-13
ret-033,dense_only,1.0,1.0,0.5,nist-sp-1300:chunk-1 nist-sp-1300:chunk-4 nist-sp-1308:chunk-12 nist-sp-1303:chunk-3 nist-cswp-29:chunk-16
ret-034,dense_only,0.0,0.0,0.0,nist-sp-1308:chunk-12 nist-sp-1300:chunk-0 nist-sp-1300:chunk-1 nist-sp-1299:chunk-3 nist-sp-1299:chunk-6
ret-035,dense_only,0.0,0.0,0.0,nist-sp-1308:chunk-12 nist-cswp-29:chunk-3 nist-cswp-29:chunk-9 nist-cswp-29:chunk-8 nist-ai-100-4:chunk-110
ret-036,dense_only,0.0,0.0,0.0,nist-sp-1308:chunk-12 nist-ai-100-1:chunk-30 nist-ir-8312:chunk-16 nist-ai-100-1:chunk-24 nist-ai-100-1:chunk-9
ret-037,dense_only,0.0,0.0,0.0,nist-ir-8286:chunk-7 nist-ir-8286:chunk-20 nist-ir-8286:chunk-97 nist-ir-8286:chunk-35 nist-ir-8286:chunk-48
ret-038,dense_only,1.0,1.0,1.0,nist-sp-1303:chunk-1 nist-ir-8286:chunk-7 nist-ir-8286:chunk-23 nist-cswp-29:chunk-20 nist-ir-8286:chunk-25
ret-039,dense_only,0.0,1.0,0.1,nist-ir-8286:chunk-32 nist-ir-8286:chunk-49 nist-ir-8286:chunk-92 nist-ir-8286:chunk-7 nist-ir-8286:chunk-31
ret-040,dense_only,0.0,0.0,0.0,nist-ai-100-3:chunk-6 nist-sp-1303:chunk-5 nist-sp-1303:chunk-9 nist-sp-800-207:chunk-1 nist-sp-800-207:chunk-2
ret-041,dense_only,0.0,0.0,0.0,nist-sp-800-221a:chunk-0 nist-sp-800-221a:chunk-1 nist-sp-800-61r3:chunk-1 nist-sp-800-218a:chunk-1 nist-sp-800-61r3:chunk-0
ret-042,dense_only,1.0,1.0,0.5,nist-sp-800-207:chunk-23 nist-sp-800-207:chunk-3 nist-sp-800-207:chunk-21 nist-sp-800-207:chunk-26 nist-sp-800-207:chunk-19
ret-043,dense_only,1.0,1.0,0.3333,nist-sp-800-207:chunk-23 nist-sp-800-207:chunk-26 nist-sp-800-207:chunk-3 nist-sp-800-207:chunk-19 nist-sp-800-207:chunk-25
ret-044,dense_only,1.0,1.0,1.0,nist-sp-800-207:chunk-32 nist-sp-800-207:chunk-33 nist-sp-800-207:chunk-50 nist-sp-800-207:chunk-35 nist-sp-800-207:chunk-8
ret-045,dense_only,1.0,1.0,1.0,nist-sp-800-207:chunk-21 nist-sp-1270:chunk-81 nist-ir-8286:chunk-81 nist-sp-1270:chunk-100 nist-sp-1270:chunk-51
ret-046,dense_only,1.0,1.0,0.5,nist-sp-800-218:chunk-7 nist-sp-800-218:chunk-15 nist-sp-800-218:chunk-10 nist-sp-800-218a:chunk-17 nist-sp-800-218:chunk-12
ret-047,dense_only,0.0,1.0,0.1,nist-sp-800-218:chunk-5 nist-sp-800-218:chunk-46 nist-sp-800-218:chunk-7 nist-sp-800-218:chunk-49 nist-sp-800-218a:chunk-14
ret-048,dense_only,0.0,0.0,0.0,nist-sp-800-218a:chunk-0 nist-sp-800-218a:chunk-1 nist-sp-800-207:chunk-0 nist-sp-800-207:chunk-1 nist-sp-800-218:chunk-1
ret-049,dense_only,0.0,0.0,0.0,nist-sp-800-61r3:chunk-0 nist-sp-800-207:chunk-0 nist-sp-800-61r3:chunk-1 nist-sp-800-218a:chunk-0 nist-sp-800-218a:chunk-1
ret-050,dense_only,1.0,1.0,0.2,nist-sp-800-61r3:chunk-11 nist-sp-800-61r3:chunk-14 nist-sp-800-61r3:chunk-50 nist-sp-1299:chunk-7 nist-sp-800-61r3:chunk-42
ret-051,dense_only,1.0,1.0,1.0,nist-sp-800-61r3:chunk-38 nist-sp-800-61r3:chunk-40 nist-sp-800-61r3:chunk-36 nist-sp-800-61r3:chunk-14 nist-sp-800-61r3:chunk-17
ret-052,dense_only,0.0,0.0,0.0,nist-ai-100-3:chunk-0 nist-ai-100-3:chunk-1 nist-ai-600-1:chunk-2 nist-ai-100-5:chunk-2 nist-ai-100-5:chunk-0
ret-053,dense_only,1.0,1.0,0.5,nist-ai-100-1:chunk-2 nist-ai-100-1:chunk-25 nist-ai-100-1:chunk-8 nist-ai-100-1:chunk-7 nist-sp-1299:chunk-1
ret-054,dense_only,0.5,1.0,0.3333,nist-ai-100-5:chunk-16 nist-ai-100-5:chunk-5 nist-ai-100-5:chunk-7 nist-ai-100-5:chunk-25 nist-sp-1302:chunk-2
ret-001,bm25_only,0.0,0.0,0.0,nist-ai-100-1:chunk-12 nist-sp-800-218a:chunk-16 nist-ai-100-1:chunk-44 nist-ai-100-1:chunk-38 nist-ai-100-1:chunk-10
ret-002,bm25_only,0.0,0.0,0.0,nist-sp-1270:chunk-6 nist-sp-800-218a:chunk-18 nist-ir-8286:chunk-26 nist-ir-8332-draft:chunk-26 nist-ai-100-5:chunk-9
ret-003,bm25_only,0.0,1.0,0.125,nist-ir-8332-draft:chunk-11 nist-ai-100-1:chunk-4 nist-ai-100-1:chunk-7 nist-ir-8332-draft:chunk-12 nist-ai-600-1:chunk-24
ret-004,bm25_only,1.0,1.0,1.0,nist-ai-100-1:chunk-25 nist-ai-100-1:chunk-8 nist-ai-100-1:chunk-26 nist-cswp-29:chunk-22 nist-ir-8312:chunk-8
ret-005,bm25_only,0.0,0.0,0.0,nist-ai-600-1:chunk-5 nist-ai-600-1:chunk-0 nist-ai-100-4:chunk-103 nist-ai-600-1:chunk-1 nist-sp-800-218a:chunk-0
ret-006,bm25_only,0.0,0.0,0.0,nist-ai-600-1:chunk-27 nist-ai-800-1-ipd:chunk-28 nist-ai-600-1:chunk-68 nist-sp-1270:chunk-105 nist-ai-800-1-ipd:chunk-29
ret-007,bm25_only,1.0,1.0,0.25,nist-ai-100-4:chunk-82 nist-ai-100-4:chunk-13 nist-ai-100-4:chunk-0 nist-ai-100-4:chunk-11 nist-ai-100-4:chunk-12
ret-008,bm25_only,1.0,1.0,0.3333,nist-ai-100-4:chunk-60 nist-ai-100-4:chunk-81 nist-ai-100-4:chunk-11 nist-ai-100-4:chunk-14 nist-ai-100-4:chunk-17
ret-009,bm25_only,1.0,1.0,0.5,nist-ai-100-4:chunk-31 nist-ai-100-4:chunk-17 nist-ai-100-4:chunk-21 nist-ai-100-4:chunk-110 nist-ai-100-4:chunk-22
ret-010,bm25_only,0.0,1.0,0.1667,nist-ai-100-4:chunk-14 nist-ai-100-4:chunk-48 nist-ai-100-4:chunk-65 nist-ai-100-4:chunk-58 nist-ai-100-4:chunk-56
ret-011,bm25_only,1.0,1.0,0.3333,nist-ai-800-1-ipd:chunk-6 nist-ai-100-4:chunk-11 nist-ai-100-4:chunk-77 nist-ai-600-1:chunk-64 nist-ai-600-1:chunk-5
ret-012,bm25_only,1.0,1.0,1.0,nist-ai-100-2e2025:chunk-88 nist-ai-100-2e2025:chunk-90 nist-ai-100-2e2025:chunk-91 nist-ai-100-2e2025:chunk-75 nist-ai-100-2e2025:chunk-89
ret-013,bm25_only,0.0,1.0,0.125,nist-ai-100-2e2025:chunk-3 nist-sp-800-218a:chunk-18 nist-ai-100-2e2025:chunk-30 nist-ai-100-2e2025:chunk-71 nist-ai-100-2e2025:chunk-0
ret-014,bm25_only,1.0,1.0,0.25,nist-ai-100-2e2025:chunk-29 nist-ai-100-2e2025:chunk-31 nist-ai-100-2e2025:chunk-40 nist-ai-100-2e2025:chunk-25 nist-ai-100-2e2025:chunk-41
ret-015,bm25_only,1.0,1.0,1.0,nist-ai-100-2e2025:chunk-42 nist-ai-100-2e2025:chunk-15 nist-ai-100-2e2025:chunk-17 nist-ai-100-2e2025:chunk-23 nist-ai-100-2e2025:chunk-30
ret-016,bm25_only,1.0,1.0,1.0,nist-ai-100-5:chunk-7 nist-ai-100-5:chunk-16 nist-ai-100-5:chunk-5 nist-ai-100-5:chunk-9 nist-ai-100-5:chunk-3
ret-017,bm25_only,1.0,1.0,0.2,nist-ai-100-5:chunk-5 nist-ai-100-5:chunk-8 nist-ai-100-5:chunk-9 nist-ai-100-5:chunk-25 nist-ai-100-5:chunk-2
ret-018,bm25_only,1.0,1.0,1.0,nist-ai-800-1-ipd:chunk-10 nist-ai-800-1-ipd:chunk-0 nist-ai-800-1-ipd:chunk-1 nist-ai-800-1-ipd:chunk-7 nist-ai-800-1-ipd:chunk-2
ret-019,bm25_only,1.0,1.0,1.0,nist-ai-800-1-ipd:chunk-5 nist-ai-800-1-ipd:chunk-6 nist-sp-800-218a:chunk-10 nist-ai-800-1-ipd:chunk-7 nist-ai-800-1-ipd:chunk-34
ret-020,bm25_only,1.0,1.0,1.0,nist-ir-8312:chunk-3 nist-ir-8312:chunk-6 nist-ir-8312:chunk-0 nist-ir-8312:chunk-11 nist-ir-8312:chunk-1
ret-021,bm25_only,0.0,0.0,0.0,nist-ir-8312:chunk-33 nist-ir-8312:chunk-34 nist-ir-8312:chunk-11 nist-ir-8312:chunk-23 nist-ir-8312:chunk-14
ret-022,bm25_only,1.0,1.0,1.0,nist-ir-8332-draft:chunk-15 nist-ir-8332-draft:chunk-4 nist-ir-8332-draft:chunk-3 nist-ai-100-5:chunk-2 nist-ir-8332-draft:chunk-1
ret-023,bm25_only,1.0,1.0,1.0,nist-ir-8332-draft:chunk-4 nist-ir-8332-draft:chunk-25 nist-ai-100-1:chunk-19 nist-ir-8332-draft:chunk-28 nist-ir-8332-draft:chunk-29
ret-024,bm25_only,0.0,1.0,0.125,nist-ai-100-1:chunk-23 nist-sp-1270:chunk-0 nist-ai-100-2e2025:chunk-165 nist-sp-1270:chunk-1 nist-sp-1270:chunk-2
ret-025,bm25_only,1.0,1.0,1.0,nist-sp-1270:chunk-4 nist-sp-800-218a:chunk-37 nist-sp-1270:chunk-0 nist-sp-1270:chunk-77 nist-ai-100-1:chunk-23
ret-026,bm25_only,1.0,1.0,1.0,nist-sp-1270:chunk-4 nist-sp-1270:chunk-48 nist-ai-100-5:chunk-19 nist-sp-1270:chunk-22 nist-sp-1270:chunk-29
ret-027,bm25_only,1.0,1.0,0.5,nist-sp-1300:chunk-1 nist-sp-1299:chunk-1 nist-sp-1303:chunk-9 nist-sp-800-61r3:chunk-11 nist-sp-1308:chunk-3
ret-028,bm25_only,1.0,1.0,1.0,nist-cswp-29:chunk-10 nist-ai-100-1:chunk-39 nist-cswp-29:chunk-11 nist-cswp-29:chunk-12 nist-cswp-29:chunk-34
ret-029,bm25_only,1.0,1.0,1.0,nist-cswp-29:chunk-34 nist-sp-1302:chunk-1 nist-cswp-29:chunk-13 nist-cswp-29:chunk-8 nist-cswp-29:chunk-15
ret-030,bm25_only,1.0,1.0,0.5,nist-sp-1305:chunk-8 nist-sp-1305:chunk-1 nist-cswp-29:chunk-21 nist-cswp-29:chunk-22 nist-sp-1305:chunk-0
ret-031,bm25_only,1.0,1.0,0.25,nist-sp-1308:chunk-7 nist-sp-1301:chunk-9 nist-sp-1301:chunk-4 nist-sp-1301:chunk-1 nist-cswp-29:chunk-34
ret-032,bm25_only,1.0,1.0,1.0,nist-sp-1301:chunk-1 nist-cswp-29:chunk-13 nist-sp-1308:chunk-7 nist-sp-1302:chunk-2 nist-sp-1301:chunk-9
ret-033,bm25_only,1.0,1.0,0.5,nist-sp-1300:chunk-1 nist-sp-1300:chunk-4 nist-sp-1302:chunk-2 nist-sp-1305:chunk-7 nist-sp-1308:chunk-12
ret-034,bm25_only,0.0,0.0,0.0,nist-sp-1308:chunk-12 nist-sp-1300:chunk-1 nist-sp-1300:chunk-0 nist-sp-1299:chunk-3 nist-sp-1305:chunk-7
ret-035,bm25_only,1.0,1.0,1.0,nist-sp-1308:chunk-3 nist-sp-1308:chunk-12 nist-sp-1308:chunk-10 nist-sp-800-61r3:chunk-20 nist-sp-1300:chunk-8
ret-036,bm25_only,1.0,1.0,0.2,nist-sp-1308:chunk-3 nist-sp-1308:chunk-12 nist-sp-1308:chunk-10 nist-sp-800-218:chunk-7 nist-sp-1308:chunk-2
ret-037,bm25_only,1.0,1.0,0.5,nist-ir-8286:chunk-20 nist-sp-1303:chunk-1 nist-ai-100-1:chunk-12 nist-ir-8286:chunk-56 nist-cswp-29:chunk-8
ret-038,bm25_only,1.0,1.0,1.0,nist-sp-1303:chunk-1 nist-ir-8286:chunk-7 nist-ir-8286:chunk-36 nist-ir-8286:chunk-9 nist-ir-8286:chunk-21
ret-039,bm25_only,0.0,1.0,0.1111,nist-sp-1303:chunk-9 nist-sp-800-61r3:chunk-46 nist-ir-8286:chunk-49 nist-ir-8286:chunk-32 nist-sp-1303:chunk-1
ret-040,bm25_only,0.0,0.0,0.0,nist-ir-8286:chunk-0 nist-sp-1308:chunk-3 nist-sp-1303:chunk-2 nist-sp-800-218a:chunk-39 nist-sp-1303:chunk-4
ret-041,bm25_only,0.0,0.0,0.0,nist-sp-800-221a:chunk-0 nist-sp-800-221a:chunk-1 nist-sp-1303:chunk-9 nist-sp-800-221a:chunk-2 nist-cswp-29:chunk-20
ret-042,bm25_only,1.0,1.0,0.25,nist-sp-800-207:chunk-26 nist-sp-800-207:chunk-23 nist-sp-800-207:chunk-25 nist-sp-800-207:chunk-3 nist-sp-800-207:chunk-6
ret-043,bm25_only,1.0,1.0,1.0,nist-sp-800-207:chunk-3 nist-sp-800-207:chunk-26 nist-sp-800-207:chunk-21 nist-sp-800-207:chunk-52 nist-sp-800-207:chunk-19
ret-044,bm25_only,1.0,1.0,1.0,nist-sp-800-207:chunk-32 nist-sp-800-207:chunk-39 nist-sp-800-207:chunk-33 nist-sp-800-207:chunk-34 nist-sp-800-207:chunk-50
ret-045,bm25_only,1.0,1.0,1.0,nist-sp-800-207:chunk-21 nist-sp-800-221a:chunk-12 nist-ir-8312:chunk-40 nist-ir-8312:chunk-38 nist-ai-100-4:chunk-18
ret-046,bm25_only,1.0,1.0,0.5,nist-sp-800-218a:chunk-25 nist-sp-800-218:chunk-15 nist-sp-800-218a:chunk-24 nist-sp-800-218:chunk-7 nist-sp-800-218:chunk-57
ret-047,bm25_only,1.0,1.0,0.5,nist-sp-800-218:chunk-7 nist-sp-800-218:chunk-15 nist-sp-800-218a:chunk-36 nist-sp-800-218a:chunk-33 nist-sp-800-218:chunk-57
ret-048,bm25_only,0.0,0.0,0.0,nist-sp-800-218a:chunk-0 nist-sp-800-218a:chunk-3 nist-sp-800-218a:chunk-1 nist-sp-800-218a:chunk-2 nist-sp-1301:chunk-9
ret-049,bm25_only,0.0,1.0,0.1667,nist-sp-800-61r3:chunk-51 nist-ir-8286:chunk-77 nist-sp-800-61r3:chunk-4 nist-sp-1301:chunk-9 nist-sp-800-61r3:chunk-47
ret-050,bm25_only,1.0,1.0,1.0,nist-sp-800-61r3:chunk-42 nist-sp-800-61r3:chunk-16 nist-sp-800-61r3:chunk-43 nist-sp-1300:chunk-6 nist-sp-800-61r3:chunk-18
ret-051,bm25_only,1.0,1.0,1.0,nist-sp-800-61r3:chunk-38 nist-sp-800-221a:chunk-19 nist-sp-800-61r3:chunk-36 nist-cswp-29:chunk-30 nist-sp-800-221a:chunk-14
ret-052,bm25_only,1.0,1.0,0.5,nist-sp-1300:chunk-1 nist-ai-100-3:chunk-3 nist-ai-100-5:chunk-0 nist-ai-100-4:chunk-0 nist-ai-100-2e2025:chunk-0
ret-053,bm25_only,0.5,1.0,0.5,nist-ai-100-1:chunk-8 nist-ai-100-1:chunk-25 nist-ai-100-1:chunk-44 nist-cswp-29:chunk-22 nist-ai-100-1:chunk-26
ret-054,bm25_only,1.0,1.0,0.5,nist-ai-100-5:chunk-16 nist-cswp-29:chunk-14 nist-ai-100-5:chunk-7 nist-cswp-29:chunk-8 nist-sp-1302:chunk-2
ret-001,hybrid,0.0,0.0,0.0,nist-ai-100-1:chunk-44 nist-ai-100-1:chunk-10 nist-sp-800-218a:chunk-16 nist-ai-100-1:chunk-12 nist-ai-100-1:chunk-46
ret-002,hybrid,0.0,0.0,0.0,nist-ai-100-1:chunk-44 nist-ai-100-1:chunk-47 nist-sp-800-218a:chunk-35 nist-ai-600-1:chunk-74 nist-ai-100-1:chunk-38
ret-003,hybrid,1.0,1.0,0.5,nist-ai-100-1:chunk-7 nist-ai-100-1:chunk-17 nist-sp-1270:chunk-9 nist-ai-100-1:chunk-4 nist-ai-600-1:chunk-24
ret-004,hybrid,1.0,1.0,1.0,nist-ai-100-1:chunk-25 nist-ai-100-1:chunk-8 nist-ai-100-1:chunk-26 nist-cswp-29:chunk-22 nist-sp-800-218a:chunk-34
ret-005,hybrid,0.0,1.0,0.1667,nist-ai-600-1:chunk-0 nist-ai-600-1:chunk-1 nist-sp-800-218a:chunk-3 nist-sp-800-218a:chunk-39 nist-sp-800-218a:chunk-0
ret-006,hybrid,0.0,1.0,0.125,nist-ai-100-2e2025:chunk-70 nist-ai-100-2e2025:chunk-72 nist-ai-100-2e2025:chunk-73 nist-ai-600-1:chunk-72 nist-sp-1270:chunk-51
ret-007,hybrid,0.0,1.0,0.1667,nist-ai-100-4:chunk-0 nist-ai-100-4:chunk-1 nist-ai-100-4:chunk-13 nist-ai-100-4:chunk-15 nist-ai-100-4:chunk-62
ret-008,hybrid,1.0,1.0,1.0,nist-ai-100-4:chunk-11 nist-ai-100-4:chunk-81 nist-ai-100-4:chunk-4 nist-ai-100-4:chunk-123 nist-ai-100-4:chunk-17
ret-009,hybrid,1.0,1.0,1.0,nist-ai-100-4:chunk-17 nist-ai-100-4:chunk-19 nist-ai-100-4:chunk-21 nist-ai-100-4:chunk-109 nist-ai-100-4:chunk-22
ret-010,hybrid,1.0,1.0,0.5,nist-ai-100-4:chunk-48 nist-ai-100-4:chunk-45 nist-ai-100-4:chunk-47 nist-ai-100-4:chunk-66 nist-ai-100-4:chunk-58
ret-011,hybrid,1.0,1.0,0.5,nist-ai-800-1-ipd:chunk-6 nist-ai-100-4:chunk-77 nist-ai-100-4:chunk-11 nist-ai-600-1:chunk-64 nist-ai-100-4:chunk-13
ret-012,hybrid,0.0,1.0,0.1111,nist-ai-100-2e2025:chunk-90 nist-ai-100-2e2025:chunk-76 nist-ai-100-2e2025:chunk-91 nist-ai-100-2e2025:chunk-71 nist-ai-100-2e2025:chunk-80
ret-013,hybrid,1.0,1.0,0.3333,nist-ai-100-2e2025:chunk-3 nist-ai-100-2e2025:chunk-2 nist-ai-100-2e2025:chunk-44 nist-ai-100-2e2025:chunk-22 nist-ai-100-2e2025:chunk-191
ret-014,hybrid,1.0,1.0,0.25,nist-ai-100-2e2025:chunk-32 nist-ai-100-2e2025:chunk-23 nist-ai-100-2e2025:chunk-41 nist-ai-100-2e2025:chunk-25 nist-ai-100-2e2025:chunk-42
ret-015,hybrid,1.0,1.0,0.5,nist-ai-100-2e2025:chunk-15 nist-ai-100-2e2025:chunk-42 nist-ai-100-2e2025:chunk-23 nist-ai-100-2e2025:chunk-3 nist-ai-100-2e2025:chunk-34
ret-016,hybrid,1.0,1.0,0.3333,nist-ai-100-5:chunk-5 nist-ai-100-5:chunk-16 nist-ai-100-5:chunk-7 nist-ai-100-5:chunk-25 nist-ai-100-5:chunk-3
ret-017,hybrid,1.0,1.0,0.2,nist-ai-100-5:chunk-5 nist-ai-100-5:chunk-8 nist-ai-100-5:chunk-25 nist-ai-100-5:chunk-9 nist-ai-100-5:chunk-2
ret-018,hybrid,1.0,1.0,0.5,nist-ai-800-1-ipd:chunk-0 nist-ai-800-1-ipd:chunk-10 nist-ai-800-1-ipd:chunk-1 nist-ai-800-1-ipd:chunk-2 nist-ai-800-1-ipd:chunk-7
ret-019,hybrid,1.0,1.0,1.0,nist-ai-800-1-ipd:chunk-5 nist-ai-800-1-ipd:chunk-6 nist-ai-800-1-ipd:chunk-7 nist-ai-800-1-ipd:chunk-24 nist-ai-800-1-ipd:chunk-34
ret-020,hybrid,1.0,1.0,0.5,nist-ir-8312:chunk-0 nist-ir-8312:chunk-3 nist-ir-8312:chunk-1 nist-ir-8312:chunk-11 nist-ir-8312:chunk-6
ret-021,hybrid,0.0,1.0,0.125,nist-ir-8312:chunk-11 nist-ir-8312:chunk-46 nist-ir-8312:chunk-6 nist-ir-8312:chunk-3 nist-ir-8312:chunk-23
ret-022,hybrid,1.0,1.0,1.0,nist-ir-8332-draft:chunk-15 nist-ir-8332-draft:chunk-1 nist-ir-8332-draft:chunk-4 nist-ir-8332-draft:chunk-25 nist-ai-100-5:chunk-2
ret-023,hybrid,1.0,1.0,0.5,nist-ir-8332-draft:chunk-25 nist-ir-8332-draft:chunk-4 nist-ir-8332-draft:chunk-38 nist-ir-8332-draft:chunk-15 nist-ir-8332-draft:chunk-26
ret-024,hybrid,1.0,1.0,0.25,nist-sp-1270:chunk-0 nist-ai-100-1:chunk-23 nist-sp-1270:chunk-1 nist-sp-1270:chunk-4 nist-sp-1270:chunk-17
ret-025,hybrid,1.0,1.0,1.0,nist-sp-1270:chunk-4 nist-sp-1270:chunk-0 nist-sp-1270:chunk-29 nist-sp-1270:chunk-77 nist-sp-1270:chunk-17
ret-026,hybrid,1.0,1.0,1.0,nist-sp-1270:chunk-4 nist-sp-1270:chunk-29 nist-sp-1270:chunk-5 nist-sp-1270:chunk-7 nist-sp-1270:chunk-9
ret-027,hybrid,1.0,1.0,0.5,nist-sp-1300:chunk-1 nist-sp-1299:chunk-1 nist-sp-800-61r3:chunk-11 nist-cswp-29:chunk-8 nist-cswp-29:chunk-1
ret-028,hybrid,1.0,1.0,0.3333,nist-sp-1299:chunk-1 nist-cswp-29:chunk-12 nist-cswp-29:chunk-10 nist-sp-1300:chunk-1 nist-sp-800-61r3:chunk-20
ret-029,hybrid,1.0,1.0,1.0,nist-cswp-29:chunk-34 nist-sp-1302:chunk-1 nist-cswp-29:chunk-8 nist-cswp-29:chunk-13 nist-cswp-29:chunk-15
ret-030,hybrid,1.0,1.0,1.0,nist-cswp-29:chunk-21 nist-sp-1305:chunk-8 nist-sp-1305:chunk-1 nist-sp-1305:chunk-0 nist-ir-8286:chunk-47
ret-031,hybrid,0.0,1.0,0.1429,nist-sp-1308:chunk-7 nist-cswp-29:chunk-13 nist-cswp-29:chunk-34 nist-sp-1300:chunk-8 nist-sp-1301:chunk-4
ret-032,hybrid,1.0,1.0,0.3333,nist-sp-1308:chunk-7 nist-cswp-29:chunk-13 nist-sp-1301:chunk-1 nist-sp-1301:chunk-3 nist-cswp-29:chunk-34
ret-033,hybrid,1.0,1.0,0.5,nist-sp-1300:chunk-1 nist-sp-1300:chunk-4 nist-sp-1308:chunk-12 nist-sp-1299:chunk-3 nist-cswp-29:chunk-16
ret-034,hybrid,0.0,1.0,0.1667,nist-sp-1308:chunk-12 nist-sp-1300:chunk-0 nist-sp-1300:chunk-1 nist-sp-1299:chunk-3 nist-sp-1308:chunk-1
ret-035,hybrid,1.0,1.0,0.5,nist-sp-1308:chunk-12 nist-sp-1308:chunk-3 nist-sp-1300:chunk-8 nist-sp-1300:chunk-1 nist-ir-8312:chunk-16
ret-036,hybrid,0.0,0.0,0.0,nist-sp-1308:chunk-12 nist-sp-1308:chunk-3 nist-cswp-29:chunk-8 nist-sp-1300:chunk-1 nist-sp-1300:chunk-8
ret-037,hybrid,1.0,1.0,0.25,nist-ir-8286:chunk-20 nist-ir-8286:chunk-7 nist-ir-8286:chunk-74 nist-sp-1303:chunk-1 nist-ir-8286:chunk-48
ret-038,hybrid,1.0,1.0,1.0,nist-sp-1303:chunk-1 nist-ir-8286:chunk-7 nist-ir-8286:chunk-36 nist-ir-8286:chunk-23 nist-ir-8286:chunk-27
ret-039,hybrid,1.0,1.0,0.25,nist-ir-8286:chunk-32 nist-ir-8286:chunk-49 nist-sp-800-61r3:chunk-46 nist-ir-8286:chunk-58 nist-sp-1303:chunk-9
ret-040,hybrid,0.0,1.0,0.1667,nist-sp-1303:chunk-5 nist-sp-1303:chunk-2 nist-sp-1303:chunk-9 nist-ir-8286:chunk-3 nist-ir-8286:chunk-34
ret-041,hybrid,0.0,0.0,0.0,nist-sp-800-221a:chunk-0 nist-sp-800-221a:chunk-1 nist-sp-1303:chunk-9 nist-sp-800-61r3:chunk-0 nist-sp-800-218a:chunk-0
ret-042,hybrid,1.0,1.0,0.3333,nist-sp-800-207:chunk-23 nist-sp-800-207:chunk-26 nist-sp-800-207:chunk-3 nist-sp-800-207:chunk-21 nist-sp-800-207:chunk-19
ret-043,hybrid,1.0,1.0,1.0,nist-sp-800-207:chunk-3 nist-sp-800-207:chunk-26 nist-sp-800-207:chunk-23 nist-sp-800-207:chunk-19 nist-sp-800-207:chunk-21
ret-044,hybrid,1.0,1.0,1.0,nist-sp-800-207:chunk-32 nist-sp-800-207:chunk-33 nist-sp-800-207:chunk-50 nist-sp-800-207:chunk-35 nist-sp-800-207:chunk-8
ret-045,hybrid,1.0,1.0,1.0,nist-sp-800-207:chunk-21 nist-sp-1270:chunk-81 nist-ir-8312:chunk-40 nist-sp-1270:chunk-83 nist-sp-1270:chunk-48
ret-046,hybrid,1.0,1.0,1.0,nist-sp-800-218:chunk-15 nist-sp-800-218:chunk-7 nist-sp-800-218a:chunk-17 nist-sp-800-218a:chunk-24 nist-cswp-29:chunk-28
ret-047,hybrid,1.0,1.0,0.25,nist-sp-800-218:chunk-7 nist-sp-800-218:chunk-46 nist-sp-800-218:chunk-49 nist-sp-800-218:chunk-15 nist-sp-800-218a:chunk-36
ret-048,hybrid,0.0,0.0,0.0,nist-sp-800-218a:chunk-0 nist-sp-800-218a:chunk-1 nist-sp-800-61r3:chunk-0 nist-sp-800-207:chunk-0 nist-sp-800-61r3:chunk-1
ret-049,hybrid,0.0,1.0,0.1667,nist-sp-800-61r3:chunk-51 nist-sp-800-61r3:chunk-0 nist-sp-800-218a:chunk-0 nist-sp-800-207:chunk-0 nist-sp-800-61r3:chunk-1
ret-050,hybrid,1.0,1.0,1.0,nist-sp-800-61r3:chunk-42 nist-sp-800-61r3:chunk-43 nist-sp-1299:chunk-7 nist-sp-800-61r3:chunk-14 nist-sp-800-61r3:chunk-11
ret-051,hybrid,1.0,1.0,1.0,nist-sp-800-61r3:chunk-38 nist-sp-800-61r3:chunk-36 nist-cswp-29:chunk-30 nist-sp-800-221a:chunk-14 nist-sp-800-61r3:chunk-40
ret-052,hybrid,0.0,0.0,0.0,nist-ai-100-3:chunk-0 nist-ai-100-5:chunk-0 nist-ai-100-3:chunk-1 nist-ai-100-4:chunk-0 nist-ai-100-5:chunk-1
ret-053,hybrid,1.0,1.0,0.5,nist-ai-100-1:chunk-8 nist-ai-100-1:chunk-25 nist-sp-1299:chunk-1 nist-ai-100-1:chunk-26 nist-cswp-29:chunk-22
ret-054,hybrid,0.5,1.0,0.5,nist-ai-100-5:chunk-16 nist-ai-100-5:chunk-7 nist-ai-100-5:chunk-5 nist-ai-100-5:chunk-25 nist-sp-1302:chunk-2
ret-001,hybrid_rerank,0.0,0.0,0.0,nist-ai-100-1:chunk-9 nist-sp-1270:chunk-9 nist-ai-100-1:chunk-46 nist-ai-100-1:chunk-45 nist-ai-100-1:chunk-44
ret-002,hybrid_rerank,0.0,0.0,0.0,nist-ai-100-1:chunk-0 nist-ai-100-1:chunk-1 nist-ai-600-1:chunk-5 nist-ai-100-1:chunk-12 nist-ai-100-1:chunk-2
ret-003,hybrid_rerank,1.0,1.0,0.5,nist-ai-600-1:chunk-24 nist-ai-100-1:chunk-17 nist-sp-1270:chunk-9 nist-ir-8332-draft:chunk-34 nist-ai-100-1:chunk-7
ret-004,hybrid_rerank,1.0,1.0,1.0,nist-ai-100-1:chunk-25 nist-ai-100-1:chunk-8 nist-ai-100-1:chunk-26 nist-ai-100-1:chunk-38 nist-sp-800-218a:chunk-35
ret-005,hybrid_rerank,0.0,1.0,0.1429,nist-ai-600-1:chunk-6 nist-sp-800-218a:chunk-39 nist-ai-600-1:chunk-1 nist-ai-600-1:chunk-0 nist-ai-100-4:chunk-15
ret-006,hybrid_rerank,1.0,1.0,1.0,nist-ai-600-1:chunk-7 nist-ai-100-2e2025:chunk-70 nist-ai-800-1-ipd:chunk-29 nist-ai-100-2e2025:chunk-196 nist-sp-800-218a:chunk-39
ret-007,hybrid_rerank,0.0,0.0,0.0,nist-ai-100-4:chunk-15 nist-ai-100-4:chunk-0 nist-ai-100-4:chunk-13 nist-ai-100-4:chunk-1 nist-ai-100-4:chunk-12
ret-008,hybrid_rerank,1.0,1.0,1.0,nist-ai-100-4:chunk-11 nist-ai-100-4:chunk-123 nist-ai-100-4:chunk-17 nist-ai-100-4:chunk-81 nist-ai-100-4:chunk-16
ret-009,hybrid_rerank,1.0,1.0,0.5,nist-ai-100-4:chunk-18 nist-ai-100-4:chunk-17 nist-ai-100-4:chunk-19 nist-ai-100-4:chunk-123 nist-ai-100-4:chunk-109
ret-010,hybrid_rerank,1.0,1.0,1.0,nist-ai-100-4:chunk-45 nist-ai-100-4:chunk-47 nist-ai-100-4:chunk-48 nist-ai-100-4:chunk-16 nist-ai-100-4:chunk-49
ret-011,hybrid_rerank,1.0,1.0,0.5,nist-ai-800-1-ipd:chunk-6 nist-ai-100-4:chunk-77 nist-ai-800-1-ipd:chunk-5 nist-sp-800-218a:chunk-37 nist-ai-600-1:chunk-64
ret-012,hybrid_rerank,1.0,1.0,1.0,nist-ai-100-2e2025:chunk-88 nist-ai-100-2e2025:chunk-76 nist-ai-100-2e2025:chunk-79 nist-ai-100-2e2025:chunk-75 nist-ai-100-2e2025:chunk-87
ret-013,hybrid_rerank,1.0,1.0,0.5,nist-ai-100-2e2025:chunk-30 nist-ai-100-2e2025:chunk-44 nist-ai-100-2e2025:chunk-3 nist-ai-100-2e2025:chunk-191 nist-ai-100-2e2025:chunk-15
ret-014,hybrid_rerank,1.0,1.0,1.0,nist-ai-100-2e2025:chunk-25 nist-ai-100-2e2025:chunk-41 nist-ai-100-2e2025:chunk-29 nist-ai-100-2e2025:chunk-32 nist-ai-100-2e2025:chunk-195
ret-015,hybrid_rerank,1.0,1.0,0.3333,nist-ai-100-2e2025:chunk-15 nist-ai-100-2e2025:chunk-23 nist-ai-100-2e2025:chunk-42 nist-ai-100-2e2025:chunk-3 nist-ai-100-2e2025:chunk-44
ret-016,hybrid_rerank,0.0,1.0,0.1111,nist-ai-100-5:chunk-16 nist-ai-100-5:chunk-5 nist-ai-100-5:chunk-25 nist-ai-100-5:chunk-0 nist-ai-100-5:chunk-8
ret-017,hybrid_rerank,1.0,1.0,0.25,nist-ai-100-5:chunk-5 nist-ai-100-5:chunk-25 nist-ai-100-5:chunk-8 nist-ai-100-5:chunk-2 nist-ai-100-5:chunk-9
ret-018,hybrid_rerank,1.0,1.0,1.0,nist-ai-800-1-ipd:chunk-10 nist-ai-800-1-ipd:chunk-0 nist-ai-800-1-ipd:chunk-1 nist-ai-800-1-ipd:chunk-22 nist-ai-800-1-ipd:chunk-2
ret-019,hybrid_rerank,1.0,1.0,1.0,nist-ai-800-1-ipd:chunk-5 nist-ai-800-1-ipd:chunk-24 nist-ai-800-1-ipd:chunk-6 nist-ai-800-1-ipd:chunk-7 nist-sp-800-218a:chunk-10
ret-020,hybrid_rerank,1.0,1.0,0.5,nist-ir-8312:chunk-0 nist-ir-8312:chunk-3 nist-ir-8312:chunk-1 nist-ir-8312:chunk-6 nist-ir-8312:chunk-11
ret-021,hybrid_rerank,0.0,1.0,0.1429,nist-ir-8312:chunk-46 nist-ir-8312:chunk-11 nist-ir-8312:chunk-34 nist-ir-8312:chunk-3 nist-ir-8312:chunk-23
ret-022,hybrid_rerank,1.0,1.0,1.0,nist-ir-8332-draft:chunk-15 nist-ir-8332-draft:chunk-4 nist-ir-8332-draft:chunk-3 nist-ai-100-2e2025:chunk-3 nist-ir-8332-draft:chunk-25
ret-023,hybrid_rerank,1.0,1.0,1.0,nist-ir-8332-draft:chunk-4 nist-ai-100-1:chunk-19 nist-ai-100-1:chunk-36 nist-ir-8312:chunk-5 nist-ai-100-1:chunk-24
ret-024,hybrid_rerank,0.0,1.0,0.1,nist-ai-100-1:chunk-23 nist-sp-1270:chunk-0 nist-sp-1270:chunk-1 nist-sp-1270:chunk-17 nist-sp-1270:chunk-7
ret-025,hybrid_rerank,0.0,1.0,0.1111,nist-sp-1270:chunk-28 nist-sp-1270:chunk-37 nist-sp-1270:chunk-29 nist-sp-1270:chunk-32 nist-sp-1270:chunk-7
ret-026,hybrid_rerank,1.0,1.0,1.0,nist-sp-1270:chunk-4 nist-sp-1270:chunk-77 nist-sp-1270:chunk-7 nist-sp-1270:chunk-9 nist-ai-100-1:chunk-23
ret-027,hybrid_rerank,1.0,1.0,0.25,nist-sp-1300:chunk-1 nist-sp-800-61r3:chunk-11 nist-sp-800-61r3:chunk-15 nist-sp-1299:chunk-1 nist-cswp-29:chunk-1
ret-028,hybrid_rerank,0.0,0.0,0.0,nist-sp-1300:chunk-1 nist-sp-800-61r3:chunk-11 nist-sp-800-61r3:chunk-15 nist-sp-1299:chunk-1 nist-sp-800-61r3:chunk-20
ret-029,hybrid_rerank,1.0,1.0,1.0,nist-cswp-29:chunk-34 nist-sp-1302:chunk-1 nist-sp-1302:chunk-2 nist-cswp-29:chunk-33 nist-cswp-29:chunk-15
ret-030,hybrid_rerank,1.0,1.0,1.0,nist-cswp-29:chunk-21 nist-sp-1305:chunk-8 nist-cswp-29:chunk-22 nist-sp-800-61r3:chunk-24 nist-sp-1305:chunk-0
ret-031,hybrid_rerank,1.0,1.0,0.2,nist-sp-1300:chunk-8 nist-cswp-29:chunk-13 nist-sp-1308:chunk-7 nist-cswp-29:chunk-34 nist-sp-1301:chunk-1
ret-032,hybrid_rerank,0.0,1.0,0.1111,nist-sp-1308:chunk-7 nist-sp-1303:chunk-6 nist-sp-1301:chunk-5 nist-sp-1300:chunk-8 nist-cswp-29:chunk-13
ret-033,hybrid_rerank,1.0,1.0,1.0,nist-sp-1300:chunk-4 nist-sp-1300:chunk-1 nist-sp-1308:chunk-12 nist-cswp-29:chunk-16 nist-cswp-29:chunk-6
ret-034,hybrid_rerank,0.0,0.0,0.0,nist-sp-1300:chunk-1 nist-sp-1308:chunk-12 nist-sp-1300:chunk-0 nist-sp-1299:chunk-3 nist-sp-1308:chunk-1
ret-035,hybrid_rerank,1.0,1.0,1.0,nist-sp-1308:chunk-3 nist-sp-1308:chunk-12 nist-sp-1308:chunk-2 nist-sp-1308:chunk-6 nist-cswp-29:chunk-3
ret-036,hybrid_rerank,1.0,1.0,1.0,nist-sp-1308:chunk-2 nist-sp-1308:chunk-12 nist-sp-1308:chunk-3 nist-sp-1300:chunk-8 nist-sp-1308:chunk-10
ret-037,hybrid_rerank,1.0,1.0,1.0,nist-sp-1303:chunk-1 nist-ir-8286:chunk-7 nist-ir-8286:chunk-20 nist-ir-8286:chunk-97 nist-ir-8286:chunk-93
ret-038,hybrid_rerank,1.0,1.0,1.0,nist-sp-1303:chunk-1 nist-ir-8286:chunk-38 nist-ir-8286:chunk-25 nist-cswp-29:chunk-19 nist-ir-8286:chunk-36
ret-039,hybrid_rerank,1.0,1.0,1.0,nist-ir-8286:chunk-58 nist-ir-8286:chunk-49 nist-ir-8286:chunk-44 nist-ir-8286:chunk-43 nist-ir-8286:chunk-64
ret-040,hybrid_rerank,0.0,0.0,0.0,nist-sp-1308:chunk-5 nist-sp-1303:chunk-2 nist-sp-1308:chunk-3 nist-sp-1308:chunk-11 nist-sp-1303:chunk-4
ret-041,hybrid_rerank,0.0,0.0,0.0,nist-sp-800-221a:chunk-0 nist-sp-1303:chunk-1 nist-sp-800-221a:chunk-1 nist-sp-1303:chunk-9 nist-sp-1308:chunk-12
ret-042,hybrid_rerank,1.0,1.0,1.0,nist-sp-800-207:chunk-3 nist-sp-800-207:chunk-23 nist-sp-800-207:chunk-19 nist-sp-800-207:chunk-25 nist-sp-800-207:chunk-24
ret-043,hybrid_rerank,1.0,1.0,1.0,nist-sp-800-207:chunk-3 nist-sp-800-207:chunk-26 nist-sp-800-207:chunk-23 nist-sp-800-207:chunk-36 nist-sp-800-207:chunk-25
ret-044,hybrid_rerank,1.0,1.0,1.0,nist-sp-800-207:chunk-32 nist-sp-800-207:chunk-33 nist-sp-800-207:chunk-50 nist-sp-800-207:chunk-39 nist-sp-800-207:chunk-35
ret-045,hybrid_rerank,1.0,1.0,1.0,nist-sp-800-207:chunk-21 nist-ir-8312:chunk-56 nist-sp-1270:chunk-51 nist-ai-600-1:chunk-10 nist-ir-8286:chunk-106
ret-046,hybrid_rerank,1.0,1.0,1.0,nist-sp-800-218:chunk-15 nist-sp-800-218:chunk-7 nist-sp-800-218a:chunk-24 nist-sp-800-218a:chunk-11 nist-sp-800-218a:chunk-10
ret-047,hybrid_rerank,1.0,1.0,0.5,nist-sp-800-218:chunk-7 nist-sp-800-218:chunk-15 nist-sp-800-218a:chunk-14 nist-sp-800-218:chunk-46 nist-sp-800-218a:chunk-36
ret-048,hybrid_rerank,0.0,0.0,0.0,nist-sp-800-218a:chunk-0 nist-sp-800-218a:chunk-1 nist-sp-800-218a:chunk-11 nist-sp-800-218:chunk-1 nist-sp-800-218:chunk-0
ret-049,hybrid_rerank,1.0,1.0,0.5,nist-sp-800-61r3:chunk-51 nist-sp-800-61r3:chunk-13 nist-sp-800-61r3:chunk-1 nist-sp-800-207:chunk-84 nist-sp-800-61r3:chunk-0
ret-050,hybrid_rerank,1.0,1.0,1.0,nist-sp-800-61r3:chunk-42 nist-sp-800-61r3:chunk-16 nist-sp-800-61r3:chunk-14 nist-sp-800-61r3:chunk-43 nist-sp-800-61r3:chunk-11
ret-051,hybrid_rerank,1.0,1.0,1.0,nist-sp-800-61r3:chunk-38 nist-sp-800-61r3:chunk-36 nist-sp-800-61r3:chunk-14 nist-sp-800-61r3:chunk-23 nist-cswp-29:chunk-30
ret-052,hybrid_rerank,1.0,1.0,1.0,nist-ai-100-3:chunk-3 nist-ai-100-3:chunk-1 nist-ai-100-3:chunk-0 nist-ai-100-3:chunk-6 nist-ai-100-2e2025:chunk-1
ret-053,hybrid_rerank,0.5,1.0,1.0,nist-ai-100-1:chunk-25 nist-ai-100-1:chunk-8 nist-ai-100-1:chunk-26 nist-sp-1300:chunk-1 nist-cswp-29:chunk-23
ret-054,hybrid_rerank,0.5,0.5,0.5,nist-ai-100-5:chunk-16 nist-sp-1302:chunk-1 nist-sp-1302:chunk-2 nist-cswp-29:chunk-34 nist-sp-1302:chunk-0
